{"cameraMode":{"drawMode":0,"name":"Shaded","section":"Shading Mode"},"sceneLighting":true,"audioPlay":false,"sceneViewState":{"showFog":false,"showMaterialUpdate":false,"showSkybox":false,"showFlares":false,"showImageEffects":false,"showParticleSystems":false},"in2DMode":false,"pivot":{"x":3.0390987396240236,"y":1.3038588762283326,"z":1.7827829122543336},"rotation":{"x":-0.021161211654543878,"y":0.7469204664230347,"z":-0.02374476008117199,"w":-0.6642308831214905},"size":0.4915774464607239,"orthographic":false}